firstname,lastname,bsn,address,city,zipcode
Merci,Peschet,840,11 Schlimgen Circle,Lyon,FR
Thomas,Bartholin,710,24 High Crossing Trail,Agen,FR
Margarete,Belmont,95270,50 Farmco Lane,Le Pontet,FR
Cyrille,Ferras,26006,31 Moulton Circle,Levallois-Perret,FR
Jenna,Hatwell,367,9599 Saint Paul Way,Argentan,FR
Maitilde,Peegrem,49308,081 Ridge Oak Drive,Arnage,FR
Adelaida,Kosel,414,821 Morning Court,Arcachon,FR
Jannel,Seson,48,9 5th Center,Paris 12,FR
Kalli,De Andisie,01961,329 Carberry Pass,Tourcoing,FR
Dimitri,Le Friec,349,3 Mcguire Pass,Salon-de-Provence,FR
Jess,Pilmore,4212,81 Ohio Center,Vitry-sur-Seine,FR
Amby,Stemp,52478,6 Golden Leaf Center,Lyon,FR
Alma,Stouther,4653,1984 Granby Hill,Martigues,FR
Reilly,Bohlmann,64,7036 Memorial Terrace,Rueil-Malmaison,FR
Tamra,Ollerenshaw,1,0308 Mallard Point,Suresnes,FR
Dayna,Morten,5610,0 Arapahoe Park,Blois,FR
Wes,Trittam,22,68124 Ramsey Hill,Arras,FR
Vikky,Lowrance,595,258 Evergreen Junction,Argentan,FR
Wynn,Sacase,60535,8 Lotheville Trail,Rive-de-Gier,FR
Adam,MacTurlough,43223,58896 Paget Alley,Lucé,FR
Kleon,Brozsset,03707,018 Blaine Alley,Troyes,FR
Pier,Kibbey,86943,069 Carioca Street,Paris 11,FR
Trudie,Yeabsley,3827,8752 Division Street,Nancy,FR
Sidnee,Kliche,05,300 Independence Circle,Le Cannet,FR
Emelyne,Cadman,417,422 Cardinal Circle,Lons-le-Saunier,FR
Melanie,Aish,4,7 School Way,Limoges,FR
Madella,Jurkowski,280,22159 Muir Park,Montluçon,FR
Lorine,Ruzicka,043,8 Lakewood Gardens Hill,Reims,FR
Buiron,Meakes,77,5 Knutson Court,Lyon,FR
Maggi,Scimone,0388,1 Artisan Avenue,Limoges,FR
Margarette,Camings,420,1011 2nd Place,Paris 10,FR
Minny,Gibbard,9333,65231 Merchant Plaza,Hayange,FR
Langsdon,Bygrove,5,391 Butterfield Alley,Rennes,FR
Perren,Woodyeare,03,9 Bashford Crossing,Sarrebourg,FR
Dorry,McFetrich,78392,94299 Welch Avenue,Cergy-Pontoise,FR
Timmie,Stuart,069,73 Kedzie Trail,Saint-Fargeau-Ponthierry,FR
Amandie,Harget,280,99 Lindbergh Terrace,Roissy Charles-de-Gaulle,FR
Estelle,Meagher,9223,72 Delladonna Park,Aulnay-sous-Bois,FR
Marcelia,Sondon,8599,587 Brown Park,Saint-Jean-de-Védas,FR
Vasily,Peachman,17,7 Chive Park,Bourgoin-Jallieu,FR
Edin,Conaghan,5,50895 Ridge Oak Place,Lyon,FR
Patin,Vuitton,5886,7 Pleasure Park,Fos-sur-Mer,FR
Dorrie,Swinley,7648,8621 Old Shore Trail,Saint-Ouen,FR
Randy,Grimsdike,063,5912 Goodland Point,Cholet,FR
Julianne,Inder,924,66908 Coolidge Crossing,Nantes,FR
Marysa,Leuren,7693,76 Monument Terrace,Paris 09,FR
Zahara,Aimson,11528,95 Riverside Point,Le Kremlin-Bicêtre,FR
Gabriellia,Keys,6386,064 Melrose Crossing,La Roche-sur-Yon,FR
Claiborn,Kiledal,2727,05269 Harper Parkway,Noisy-le-Grand,FR
Trix,Clare,6634,3 Raven Crossing,Paris 08,FR
Cyrille,Palleske,0570,35 American Ash Alley,Digne-les-Bains,FR
Monroe,Crippill,03,6 Vahlen Court,Villeneuve-sur-Lot,FR
Caresa,Beadle,1016,5229 Clarendon Lane,Amiens,FR
Frankie,Durrand,8249,40 Kinsman Center,Saint-Étienne-du-Rouvray,FR
Barbara,Padly,85,3045 Del Mar Place,Marseille,FR
Amitie,Bernardon,291,58 Memorial Avenue,Mundolsheim,FR
Hasty,Dutchburn,6,0 Oakridge Court,Saint-Claude,FR
Dotti,Baldock,42377,20231 Hansons Court,Dieppe,FR
Rowney,Zecchini,6763,1817 Johnson Street,Plérin,FR
Yolande,Messenger,4,784 Pawling Way,Cholet,FR
Bern,Mioni,752,3 Fairfield Drive,Bordeaux,FR
Tito,Inchbald,63738,98 Monterey Hill,Décines-Charpieu,FR
Carleen,Immer,865,35657 Lillian Terrace,Noyelles-sous-Lens,FR
Romola,McCuthais,5253,6242 Ronald Regan Terrace,Mulhouse,FR
Bern,D'Avaux,54,81385 Comanche Circle,Évreux,FR
Hubert,McCarle,708,361 Jay Crossing,Angers,FR
Cary,Jagger,9,6 Starling Place,Annecy,FR
Fidole,Ardley,587,60580 Evergreen Hill,Perpignan,FR
Merilee,Tunmore,590,5879 Stone Corner Trail,Avignon,FR
Paco,Crickmore,66,0296 Lunder Pass,Mougins,FR
Audrye,Pock,176,4291 Continental Park,Niort,FR
Averil,Bowley,0,99 Swallow Pass,Toulouse,FR
Arlinda,Benian,6,00 Schurz Hill,Montfavet,FR
Pandora,Bickle,57,725 Toban Center,Sceaux,FR
Kayle,Raecroft,08,76882 Banding Alley,Agen,FR
Carlene,Wawer,8725,0 Rowland Place,Parthenay,FR
Ambrose,Baumford,08174,3 Maple Wood Plaza,Courbevoie,FR
Kaila,Grizard,69988,28835 Ruskin Crossing,Meylan,FR
Madelin,Osan,47,65 Sachtjen Trail,Mérignac,FR
Ranee,Castello,3354,2251 Old Gate Pass,Annecy,FR
Avigdor,Stenett,1,968 Hovde Junction,Vannes,FR
Skell,Wartnaby,1824,3 Talmadge Trail,Lille,FR
Josepha,Izkovici,65,9 Myrtle Way,Portet-sur-Garonne,FR
Derby,Hixley,21,830 Vermont Parkway,Montreuil,FR
Arin,Easeman,8,2 Knutson Point,Nice,FR
Dyana,Scalia,086,25 Cambridge Court,Beaune,FR
Arvin,Fehner,3803,696 Coolidge Lane,Paris 13,FR
Nils,Gavrielli,00,620 Graceland Pass,Gennevilliers,FR
Janek,Sheara,39442,26 Comanche Terrace,Aubagne,FR
Rudiger,Messruther,2,5811 Crownhardt Parkway,Bondy,FR
Austina,Searchwell,88286,71 Graedel Plaza,Bondoufle,FR
Kym,Woolforde,3,89718 Loftsgordon Center,Épinal,FR
Elga,Flucker,9294,5989 Fremont Street,Marne-la-Vallée,FR
Willetta,Showell,2293,9733 Gale Junction,Saint-Gratien,FR
Tersina,Brookwood,97,58346 Almo Place,Niort,FR
Stacee,Minico,57,3631 Roxbury Place,Bordeaux,FR
Sondra,O'Hoolahan,77,9 Melody Circle,Wissous,FR
Marjorie,Beaument,69143,3 Michigan Way,Pantin,FR
Cointon,Recher,5,2059 Corry Pass,Rungis,FR
Thorin,Tredgold,43,63 Village Trail,Alfortville,FR
Trescha,Kindred,172,117 Manufacturers Drive,Seynod,FR
Noll,Beceril,69977,802 Waxwing Point,Roissy Charles-de-Gaulle,FR
Pandora,Zaniolini,7,5849 Portage Court,La Plaine-Saint-Denis,FR
Boigie,Hare,46,920 Summer Ridge Circle,Marseille,FR
Brina,Ingliby,675,9031 Porter Hill,Paris 14,FR
Artemas,Pryell,83346,092 Fisk Crossing,Hénin-Beaumont,FR
Thedrick,Lemon,381,1002 Carioca Street,Perpignan,FR
Mariejeanne,Brissenden,02129,5 Center Avenue,Toulouse,FR
Livvyy,Delgaty,76171,80854 South Point,La Rochelle,FR
Gregory,Cullum,6101,74 Twin Pines Terrace,Châteaudun,FR
Heidie,Sincock,3,7501 Judy Avenue,Croissy-sur-Seine,FR
Cornie,Delnevo,0,8062 Elka Crossing,Paris 13,FR
Berty,Veysey,75894,91620 Merchant Trail,Tourcoing,FR
Anabella,Halfpenny,3,08061 Canary Center,La Charité-sur-Loire,FR
Gill,Geraghty,7,4 American Lane,Saint-Étienne,FR
Sue,Sackes,7,51 Erie Hill,Coulommiers,FR
Minne,Bourbon,0702,5 La Follette Lane,Chantepie,FR
Valentin,Terzo,721,7022 Monica Parkway,Beaune,FR
Von,Santori,497,551 Roth Lane,Compiègne,FR
Crystal,Symcock,1545,1 Veith Terrace,Clichy,FR
Willette,Fairebrother,87,48 Maple Wood Drive,Chenôve,FR
Cristabel,Monkton,2,3 Randy Center,Paris 08,FR
Rikki,Phear,971,91394 Oak Valley Hill,Nancy,FR
Renate,Kondratovich,051,3 Aberg Way,Rive-de-Gier,FR
Batsheva,Angelini,0908,5 Division Parkway,Noisy-le-Grand,FR
Daphene,Grieswood,61,80 Chinook Hill,Lisieux,FR
Tom,MacCaull,9,75 Stone Corner Pass,Neuilly-sur-Marne,FR
Amil,Izachik,2259,2690 International Way,Reims,FR
Perkin,Keary,986,84 Reinke Center,Pantin,FR
Nerissa,Corness,749,195 Linden Junction,Paris 19,FR
Ruddy,Pinnell,5,442 Lawn Way,Courtaboeuf,FR
Moll,Flye,57560,55087 Marquette Crossing,Rodez,FR
Wanids,Vaud,09,7 Magdeline Junction,Dijon,FR
Hedwiga,Bigby,2,727 Dayton Crossing,Fontenay-sous-Bois,FR
Itch,Weatherdon,6061,79484 Grim Terrace,Vitry-sur-Seine,FR
Gloriane,Barnham,5479,94 Sundown Court,Niort,FR
Jeffrey,Crimmins,3,443 Debra Alley,Saint-Marcellin,FR
Joyann,Bangle,4,4 Eagan Terrace,Ploemeur,FR
Dode,Bartoletti,701,65 Sunbrook Park,Amiens,FR
Willetta,Sharply,06,6 Dunning Street,Mende,FR
Guglielmo,McGawn,485,361 Gulseth Park,Chartres,FR
Caryl,Tevlin,8781,4 Pleasure Crossing,Lons-le-Saunier,FR
Ashly,Trew,70,6269 Mosinee Place,Quimper,FR
Carmencita,Longfut,9,9 Lillian Drive,Nanterre,FR
Dunc,Tuke,15051,1014 Continental Circle,Maromme,FR
Xever,Lehemann,27309,6622 Doe Crossing Avenue,Châlons-en-Champagne,FR
Murdoch,Ghiotto,0609,549 Kipling Way,Carcassonne,FR
Jacquenetta,Dawton,8,7 Dottie Circle,Rennes,FR
Hamish,Ledster,13977,1656 Straubel Trail,Coutances,FR
Cally,Gibbe,6736,807 Leroy Alley,Le Chambon-Feugerolles,FR
Ariela,Darrigone,8,6 Kennedy Point,Paris 01,FR
Hildagarde,Van de Velde,0136,83 Little Fleur Point,Balma,FR
Ysabel,Desvignes,8916,71964 Tennyson Place,Dijon,FR
Garfield,Greenig,20,338 Burning Wood Road,Grenoble,FR
Nickolaus,Yokley,447,8341 Columbus Center,Colombes,FR
Rich,Halahan,7,9 Lien Alley,Grenoble,FR
Drucy,Oiller,49022,97293 Milwaukee Park,Boulogne-Billancourt,FR
Jacobo,Faircliff,538,2807 Nelson Street,Nanterre,FR
Elbertine,Rutty,158,9 Sutherland Center,Cournon-d'Auvergne,FR
Shirlene,Afonso,5733,7 Pepper Wood Hill,Aix-en-Provence,FR
Joleen,Mayow,261,5887 Buhler Road,Marne-la-Vallée,FR
Lisle,Livesley,20624,884 Hoffman Street,Nice,FR
Archer,Brearty,2578,1 Kingsford Center,Crépy-en-Valois,FR
Fredia,Cantle,0,48190 Buell Court,La Rochelle,FR
Oralla,Currell,34,3 Grim Hill,Nice,FR
Shannon,Dansie,68041,65653 Rowland Junction,Béziers,FR
Olvan,Lerohan,9500,06 Mayfield Crossing,Vienne,FR
Elmira,Jaycocks,02,214 Granby Plaza,Montpellier,FR
Koo,Orrett,347,90207 Northport Street,Strasbourg,FR
Gilligan,Bunting,1,0322 Veith Hill,Saint-Marcellin,FR
Linell,Elgee,415,1 Mayer Alley,Sélestat,FR
Nickolai,Bursnoll,982,2 Northport Pass,Lille,FR
Tim,Veljes,47,8 Forest Plaza,Cannes,FR
Kayne,Newland,722,44 Scofield Parkway,Angers,FR
Elisha,Locke,0091,56 Browning Crossing,Clermont-Ferrand,FR
Normie,Swyre,8,720 Coleman Avenue,Limeil-Brévannes,FR
Violette,Dougharty,993,1559 Donald Hill,Romans-sur-Isère,FR
Darbee,Hallward,8686,3 Mallard Terrace,Melun,FR
Mandel,Poyle,144,24 Carpenter Place,Lyon,FR
Link,Stevani,09,57 Drewry Junction,Lorient,FR
Nial,Abson,3591,9828 Hansons Street,Rueil-Malmaison,FR
Karla,Shewan,63,037 Grayhawk Street,Vendargues,FR
Phylis,Pagelsen,7,70 Bunting Center,Reims,FR
Mahalia,Robertot,85076,313 Scofield Court,Vernon,FR
Barclay,Alderton,505,9 Forest Dale Hill,Rodez,FR
Kelsy,Fury,784,681 Spaight Terrace,Metz,FR
Klara,Dumberrill,49884,03 Dapin Park,Dijon,FR
Harcourt,Antushev,94467,2879 Duke Junction,Paris 04,FR
Anjela,Dowgill,84834,561 Sutherland Trail,Créteil,FR
Ianthe,Eneas,8917,042 Granby Pass,Caen,FR
Kerwinn,Wikey,5,67 Basil Trail,Saint-Priest,FR
Sergent,Vigers,08072,8 Pawling Terrace,Évreux,FR
Marion,Chatenier,61,9 Mosinee Trail,Béziers,FR
Sonny,Masters,812,6 Calypso Point,Annecy,FR
Dermot,Poon,52,9 Village Green Junction,Paris 01,FR
Keenan,Busk,508,779 Canary Road,Pamiers,FR
Alfred,Skatcher,68819,260 Annamark Way,Annecy,FR
Inna,Biaggioli,2,54055 Susan Avenue,Épinal,FR
Way,Cluley,91,9885 Porter Way,Roscoff,FR
Mari,Carlson,3813,64 Russell Park,Périgny,FR
Carol-jean,Mordanti,00,74 Aberg Road,Blois,FR
Laurent,Fagan,91077,8247 Rieder Road,Nantes,FR
Zack,Bierton,74736,8048 Karstens Lane,Avranches,FR
Olimpia,Durber,6,275 Myrtle Way,Saint-Herblain,FR
Amy,Cantrill,990,847 Magdeline Trail,Poitiers,FR
Bradan,Klicher,0863,66928 Bowman Alley,Avignon,FR
Antonina,Frapwell,3429,81853 Melby Point,Saint-Jouan-des-Guérets,FR
Essie,Trinke,8,56609 Bobwhite Lane,Aubenas,FR
Zollie,Lacer,34297,025 Welch Trail,Grenoble,FR
Domenic,Rolph,3677,014 Darwin Park,Laon,FR
Laurianne,Addie,5,59 Petterle Lane,Montreuil,FR
Biddie,Toogood,10,53751 Washington Road,Nantes,FR
Rockey,Fintoph,69622,336 Artisan Junction,Maubeuge,FR
Mackenzie,Sondland,97404,7537 Stephen Center,Niort,FR
Carlie,Yushmanov,20,76326 Marquette Trail,Aix-en-Provence,FR
Elbertina,Kenlin,21240,7 Hermina Street,Paris 12,FR
Vere,Heiner,76924,5 Canary Circle,Fos-sur-Mer,FR
Nial,Rennebach,7,42421 Butternut Parkway,Perpignan,FR
Ansel,Vasilyevski,10,5323 Bay Avenue,Agen,FR
Isidoro,Duiged,99295,43 Mandrake Lane,La Ferté-Bernard,FR
Seka,Pinkett,7182,845 Carpenter Crossing,Nantes,FR
Eran,Jenne,126,8 Jenifer Avenue,Brie-Comte-Robert,FR
Ardelle,Tolossi,783,44908 Anderson Terrace,Gif-sur-Yvette,FR
Idelle,Fradson,082,3856 Kipling Lane,Tours,FR
Marmaduke,Bettaney,9,15 Westridge Drive,Wintzenheim,FR
Brodie,Bouchard,413,51476 Union Street,Ajaccio,FR
Adriena,Naerup,74,5 Pepper Wood Circle,Rennes,FR
Reginauld,Buzin,49,303 Lakeland Avenue,Manosque,FR
Jeffrey,Woodroofe,70,7 Northridge Park,Chamalières,FR
Gennifer,Yezafovich,11,6832 Rieder Park,Bourges,FR
Franciska,Ghirardi,36948,0 Heffernan Center,Paris 14,FR
Biron,Duthy,1319,3 Arkansas Parkway,Le Cannet,FR
Justinian,Malby,85371,90525 Eastwood Drive,Montluel,FR
Dell,Duffree,76510,7 Lerdahl Parkway,Blois,FR
Salomi,Drillingcourt,919,73 Doe Crossing Plaza,Saint-Cloud,FR
Christian,Crux,86,75054 Columbus Alley,Lomme,FR
Zitella,Sedgwick,0,80193 Granby Way,Chenôve,FR
Shelby,Want,140,2956 Dixon Place,Orléans,FR
Vick,Farrent,997,09172 Lotheville Avenue,Rennes,FR
Sybille,Measom,93,54 Golf Course Way,Tourcoing,FR
Estrella,Francklin,471,3 Oxford Hill,Pouzauges,FR
Pet,Gribbon,65,73 Truax Crossing,Marseille,FR
Ilene,Garrattley,5,4161 Westridge Crossing,La Roche-sur-Yon,FR
Hannis,Colquite,8664,6182 Harper Alley,Avignon,FR
Jake,Keniwell,12,39885 West Hill,Limoges,FR
Horst,Pulfer,30154,1 Killdeer Terrace,Bressuire,FR
Faydra,Dillinger,60287,23424 Hovde Way,Carcassonne,FR
Saundra,Josefsson,479,528 Jay Place,Paris La Défense,FR
Mariejeanne,Rosendorf,9,3 Chinook Park,Villefranche-sur-Mer,FR
Shayna,Lorkings,2,39 Sutteridge Avenue,Abbeville,FR
Eldon,Odams,73,4817 Hauk Alley,Pau,FR
Zondra,Daugherty,16,9 Susan Parkway,Vitrolles,FR
Roana,Morcombe,408,6 Norway Maple Park,Rennes,FR
Reagen,Aleavy,15867,79 Knutson Place,Paris 09,FR
Jeremy,Bonnefin,9526,8 Corry Street,Annecy,FR
Anneliese,Ellerman,3,239 Waubesa Crossing,Alès,FR
Barclay,McGrail,0,97 Forest Dale Place,Laval,FR
Lucina,Sugarman,1,4897 Shoshone Court,Melun,FR
Nelie,Busek,1641,5 Village Road,Chamalières,FR
Mischa,Pittam,9,3236 Tennessee Parkway,Gentilly,FR
Jocelin,Hellier,03,0 Beilfuss Road,Maisons-Laffitte,FR
Georas,Shiel,22532,0 Redwing Road,Paris 08,FR
Luelle,Kale,9,40 Montana Street,Nantes,FR
Nerti,Luparto,27,86678 Jenifer Point,Pontarlier,FR
Karolina,Hair,526,046 Brentwood Park,Saint-Louis,FR
Gordon,Southern,06,61 Springs Junction,Eaubonne,FR
Sheila-kathryn,Wareham,560,82783 Duke Place,Vanves,FR
Bobina,Hamal,3,6 Doe Crossing Junction,Nantes,FR
Nathanial,Arrandale,932,6143 Donald Road,Roscoff,FR
Edan,Shilstone,58,94 Warner Circle,Marseille,FR
Antonino,Donaghy,19,362 Kim Alley,Sarrebourg,FR
Toinette,McElrea,6472,5 North Way,Compiègne,FR
Caritta,Hannabuss,4,61342 Fulton Drive,Montpellier,FR
Arlene,Kyteley,950,39 Anniversary Lane,Nantes,FR
Gayleen,Schelle,6,029 Morrow Hill,Clermont-Ferrand,FR
Rudiger,Ruselin,410,41107 Nancy Circle,Châlons-en-Champagne,FR
Valeria,Anstey,43,2688 Anderson Drive,Charleville-Mézières,FR
Paulita,Borham,21,14 Ronald Regan Pass,Abbeville,FR
Em,McCoish,3517,591 Debra Parkway,Colomiers,FR
Gail,Clapton,6,475 Esker Point,Paris 02,FR
Katherina,Baldacchi,69673,8 Vermont Street,Annecy-le-Vieux,FR
Shaun,Halstead,46211,7 Sundown Pass,Meaux,FR
Gabey,Proudley,2,612 Ronald Regan Place,Paris 16,FR
Rosmunda,Cluett,9105,72 Cardinal Avenue,Courbevoie,FR
Latrina,Gallier,82860,94 Myrtle Drive,Tours,FR
Miller,Wincom,90462,295 John Wall Park,Rungis,FR
Conrad,Matheson,2,0169 Canary Trail,Courtaboeuf,FR
Jephthah,Minithorpe,54,71907 Red Cloud Terrace,Saumur,FR
Levin,Spat,1975,5565 Waxwing Park,Toulouse,FR
Andra,Spellworth,1,0 Larry Trail,Bordeaux,FR
Vitoria,Maffey,7444,13 Milwaukee Lane,Paris La Défense,FR
Rupert,O'Corren,18441,32030 Atwood Lane,Croissy-sur-Seine,FR
Guntar,Carrodus,29,293 American Ash Parkway,Castelnaudary,FR
Alyce,Fairham,1308,24279 Golden Leaf Plaza,Futuroscope,FR
Charmian,Hayler,25185,163 6th Center,Digne-les-Bains,FR
Sonnie,Cawthron,99959,8552 Grasskamp Street,Paris 17,FR
Hannah,Rays,32048,006 7th Pass,Lille,FR
Cordelia,Jiroutka,3,129 Mariners Cove Way,Rennes,FR
Sheila,Willetts,34,5 Evergreen Point,Neuilly-sur-Seine,FR
Susannah,Forgan,89433,0 Moulton Point,Quimper,FR
Scarlett,Baelde,871,55671 Hagan Terrace,Tournon-sur-Rhône,FR
Ellie,Greenhow,788,788 Manley Park,Nîmes,FR
Hobey,Bannerman,91088,755 Maywood Terrace,Poitiers,FR
Bernadene,Duding,712,54 Vahlen Junction,Sophia Antipolis,FR
Ronny,Latty,1,482 Morning Lane,Créteil,FR
Lemuel,Rigler,6,25 Cottonwood Crossing,Provins,FR
Herschel,Bardey,09802,9189 Pleasure Court,Marseille,FR
Blisse,Dudden,541,27792 Merchant Pass,Mâcon,FR
Levi,Saffill,14367,93521 Bowman Hill,Le Mans,FR
Ofilia,Bettinson,903,40579 Portage Circle,Rennes,FR
Gard,Fair,5885,103 Debs Alley,Besançon,FR
Savina,Bonett,61283,8 Schmedeman Court,Lyon,FR
Marget,Hallworth,6,1 Mandrake Court,Saint-Étienne,FR
Ferdinand,Langhorne,02,6277 Lotheville Place,Voiron,FR
Ferrel,Le Provost,80851,343 Crownhardt Parkway,Caen,FR
Angelika,Feenan,5,6380 Caliangt Park,Trélazé,FR
Jesus,Gregoire,29,37779 Anthes Junction,Vesoul,FR
Rania,Purviss,042,229 Sherman Lane,Roubaix,FR
Delly,Stetlye,7274,6750 Michigan Place,Paris 08,FR
Jaquith,Cicconetti,265,1 Debs Avenue,Saint-Louis,FR
Goober,Menault,70328,93 Manitowish Hill,La Courneuve,FR
Josiah,Danilowicz,3,132 Russell Drive,Libourne,FR
Valle,Mower,107,38699 Doe Crossing Alley,Ivry-sur-Seine,FR
Perry,Lesaunier,13,4687 Packers Court,Rungis,FR
Ruperta,Fitzsymons,7,98 Manitowish Circle,Carcassonne,FR
Eugene,Uren,287,09 Randy Place,Créteil,FR
Alexia,Yakebowitch,12,01 Westerfield Lane,Blois,FR
Paquito,Shobbrook,56434,018 5th Street,Vineuil,FR
Isidore,Nezey,3622,0 Havey Point,Charenton-le-Pont,FR
Tessa,Blackall,81558,220 Rockefeller Trail,Remiremont,FR
Kienan,Armfield,4,6649 Weeping Birch Way,Maisons-Alfort,FR
Harriott,Jerams,6,6 Schmedeman Park,Paris 17,FR
Lishe,Schulz,93,7 Golf View Hill,Lattes,FR
Guillermo,Pulfer,7519,284 School Plaza,Lyon,FR
Charleen,Yushankin,92506,835 Charing Cross Way,Versailles,FR
Reed,Stean,0535,94 Anthes Way,Gap,FR
Gordan,Berkowitz,78,94 Debra Crossing,Palaiseau,FR
Pate,Palphramand,734,732 Fulton Park,Gardanne,FR
Emilio,Bilton,6,61051 Marquette Crossing,Nevers,FR
Shalom,Brumble,2521,06 8th Center,Bayonne,FR
Jacquette,Frizell,693,09994 Dunning Junction,Tours,FR
Clint,Edwin,2,1033 Montana Street,Guéret,FR
Livvyy,Jodlowski,373,5 Knutson Plaza,Cahors,FR
Astra,Ellph,1,5 Melrose Center,Caen,FR
Micheline,Delahunty,481,0890 Oxford Drive,Saint-Quentin-Fallavier,FR
Otha,Vowden,0,36920 Brickson Park Circle,Boulogne-Billancourt,FR
Igor,Pochet,2460,76005 Eastwood Park,Paris 12,FR
Arabel,Pounder,249,11871 Bobwhite Hill,Marseille,FR
Fonsie,McGeagh,417,47054 Debra Junction,Marseille,FR
Cassi,De Mattei,336,33 Hudson Point,Montauban,FR
Ilka,Cavilla,54396,87 Oneill Alley,Toulon,FR
Genni,Sanbroke,47204,75756 Oriole Park,Ivry-sur-Seine,FR
Cherish,Tyers,0,45 Bartillon Junction,Orléans,FR
Jacquelyn,Dugdale,60,7 Montana Trail,Marseille,FR
Cecile,Cabrales,20763,16283 Brown Junction,Montpellier,FR
Vanya,Bock,395,48974 Crowley Court,Grenoble,FR
Cayla,Hryniewicz,39,707 Evergreen Court,Orléans,FR
Pren,Tomney,5,638 Clemons Avenue,Oullins,FR
Ellerey,Gallahar,85733,979 Lotheville Junction,Gif-sur-Yvette,FR
Zachary,Stailey,85131,509 Dixon Trail,Dijon,FR
Rory,Traves,5554,3304 Lerdahl Drive,Pont-Audemer,FR
Dalenna,Gorger,1656,994 Mosinee Avenue,Paris 02,FR
Renault,Khosa,33,545 Esker Plaza,Arras,FR
Audre,Ashfull,67,1763 Brown Court,Limoges,FR
Brittaney,Barrim,1079,73507 Sherman Street,Fontenay-sous-Bois,FR
Jodie,Brimblecombe,33,1 Buhler Parkway,Poitiers,FR
Wallis,Digweed,1656,780 Ludington Drive,Bobigny,FR
Andriette,Tixier,2,5 Boyd Place,Saint-Étienne,FR
Joelle,Farguhar,169,7081 Ramsey Pass,Clermont-Ferrand,FR
Caressa,Prine,339,5 Warbler Circle,Troyes,FR
Johann,Verdy,584,2 Dakota Way,Cachan,FR
Udall,Richfield,72,41 Lake View Pass,Lacroix-Saint-Ouen,FR
Jamima,Ungerecht,838,48 Crest Line Avenue,Metz,FR
Ravi,Freak,1,843 Hallows Point,Tourcoing,FR
Tanhya,Roos,195,0561 Spaight Street,Villefranche-sur-Mer,FR
Phillie,Fist,90,42889 Thierer Place,Lavaur,FR
Ailsun,Bilson,040,329 Barby Trail,La Plaine-Saint-Denis,FR
Trista,Bonicelli,7,50807 Carpenter Street,Paris La Défense,FR
Julissa,Tomblett,85779,98 Muir Circle,Cluses,FR
Beniamino,Brown,7,6976 Rowland Road,Tours,FR
Rollo,Stripling,692,49382 1st Road,Manosque,FR
Colleen,Crix,6,728 Crest Line Trail,Bordeaux,FR
Skell,Watters,7,5275 Esker Street,Valence,FR
Midge,Daglish,87,73 Lakeland Road,Noisy-le-Grand,FR
Carin,Kalinsky,67934,423 Vernon Plaza,Nogent-le-Rotrou,FR
Zahara,Bastide,5276,3 Kennedy Court,Mougins,FR
Don,Montes,88,1700 Graceland Crossing,Champagnole,FR
Rudolfo,Edelmann,66,4351 American Park,Schiltigheim,FR
Ronny,Down,053,3 West Drive,Futuroscope,FR
Prissie,Heady,106,05332 Lighthouse Bay Place,Boé,FR
Devonna,Ruffli,1943,016 Kennedy Pass,Mundolsheim,FR
Camilla,Ingleby,21890,943 Pine View Pass,Évry,FR
Ramsay,Condie,722,79 6th Court,Nancy,FR
Adan,Keenan,9491,3 Ronald Regan Court,Rennes,FR
Sandy,Beecham,82,1984 Oneill Trail,Corbeil-Essonnes,FR
Jillene,Matignon,57141,6935 Annamark Junction,Nice,FR
Vere,Gristock,17467,144 Esker Trail,Montargis,FR
Juditha,Outlaw,5355,34987 Ruskin Lane,Nîmes,FR
Shawn,Julian,83,1797 Trailsway Alley,Cergy-Pontoise,FR
Margareta,Boulding,35113,03 Pond Parkway,Nice,FR
Delbert,Grady,6,1 Coolidge Hill,Toulouse,FR
Flossi,Henrot,3766,861 Kingsford Alley,Lescar,FR
Aubry,Croom,26295,1284 Boyd Avenue,Rouen,FR
Sholom,Gill,30273,710 Sundown Way,Vincennes,FR
Loren,Lammiman,022,139 Roth Park,Arras,FR
Rudyard,Shorte,93264,3 Melvin Place,Creil,FR
Kenna,McPhilip,8302,987 Utah Point,Reims,FR
Cristiano,Cressor,2,6012 Red Cloud Road,Blois,FR
Leigh,Moughton,6,26308 Arapahoe Point,Nantes,FR
Zacherie,de Leon,5,58 Johnson Trail,Grenoble,FR
Hakim,Woollin,330,0 Graceland Terrace,Vénissieux,FR
Corabel,Seivwright,33917,67 Lyons Trail,Orléans,FR
Cassandra,Tournie,0,874 Service Point,Montesson,FR
Remy,Constantine,590,9 Longview Point,Paris 15,FR
Enrika,Tollow,2580,7 Moland Point,Paris 15,FR
Charmine,Rubury,88,648 Gina Center,Annecy,FR
Ky,Cormack,85,15 Bellgrove Plaza,Belfort,FR
Pauline,Tear,03,4834 Towne Street,Bayonne,FR
Boone,Wonham,01,3945 Lakewood Gardens Circle,Poitiers,FR
Cob,Allsep,9,855 Shopko Point,Le Havre,FR
Lev,Enoksson,48756,33061 Dahle Hill,Épinal,FR
Forester,Odda,1,0 Bultman Place,Vittel,FR
Karlyn,Muttock,0764,0733 Morning Parkway,Angers,FR
Beatrice,Newlands,98890,5478 Birchwood Point,Blagnac,FR
Bo,Capper,056,06 Stone Corner Junction,Avon,FR
Cornela,Boothroyd,0,368 Delaware Plaza,Sarrebourg,FR
Morena,Willson,3310,79171 New Castle Terrace,Angoulême,FR
Elaina,Tewnion,6,54 Knutson Circle,Orsay,FR
Chaddy,Quade,0,6 Eggendart Junction,Roubaix,FR
Jean,Kembley,78831,19 Anthes Hill,Cavaillon,FR
Sydney,Pappin,2931,58 Darwin Trail,Paris 01,FR
Pall,Rubertis,78129,29339 Eagle Crest Junction,Chelles,FR
Nanete,Gallifont,0210,9 Summit Place,Villeurbanne,FR
Bryn,Uman,3,7621 Armistice Hill,Montreuil,FR
Amandie,Haney,077,27 Cordelia Way,Meaux,FR
Curcio,Fydoe,84394,86 Dakota Avenue,Argenteuil,FR
Everard,Cases,49521,263 Luster Park,La Roche-sur-Yon,FR
Ruthann,Ugo,49429,27 New Castle Court,Le Teil,FR
Neile,Stratz,95,180 Warner Crossing,Clermont-Ferrand,FR
Rudyard,Mogenot,1,7275 Porter Court,Angers,FR
Stanford,McReath,26568,73192 Columbus Trail,Bordeaux,FR
Jacky,Issatt,11,6 Clyde Gallagher Center,Poitiers,FR
Paulo,Brigdale,076,73842 Memorial Lane,Cachan,FR
Fallon,McKelvey,951,843 Sherman Alley,Bernay,FR
Isadora,Streets,79,7 Forest Run Road,Angers,FR
Niccolo,Meeny,6,729 Ridge Oak Point,Lunéville,FR
Harp,Bugby,0,487 Roxbury Pass,Nantes,FR
Erie,Seabrooke,00046,88576 Novick Way,Chaumont,FR
Tracie,Kenealy,04270,80 Barby Circle,Montfort-sur-Meu,FR
Jacinta,Baudic,48916,04607 Roxbury Lane,Bordeaux,FR
Chloe,Machent,74,0882 Fieldstone Center,Boulogne-sur-Mer,FR
Maurits,Rizzardini,96,97973 Nancy Pass,Charleville-Mézières,FR
Gwyn,Ewin,8468,302 Acker Road,Nîmes,FR
Junette,Frankowski,7,464 Ramsey Lane,Strasbourg,FR
Minnie,Menel,76364,0 Novick Circle,Saint-Quentin,FR
Cristobal,Ivoshin,0322,8 Straubel Terrace,Molsheim,FR
Salome,Digance,83628,4538 Cambridge Plaza,Hénin-Beaumont,FR
Gabie,McKimmey,2,1658 Trailsway Circle,Rennes,FR
Kitty,Myrtle,3798,85 Summer Ridge Avenue,Strasbourg,FR
Bradley,Trenbey,266,1056 East Lane,Saint-Laurent-Blangy,FR
Reid,Segoe,5840,0981 Springview Circle,Rodez,FR
Jammie,Besnard,6239,1 Brickson Park Lane,Saint-Étienne,FR
Celestine,Inggall,817,6 Buell Road,Morez,FR
Petronia,Culleford,7,00 Brentwood Hill,Saint-Égrève,FR
Darci,Wignall,96110,37772 Ohio Junction,Roissy Charles-de-Gaulle,FR
Pippo,Sparke,54,6846 Springs Pass,Tourcoing,FR
Lida,Cumbes,6385,78 Moland Crossing,Vannes,FR
Wilfrid,Earry,73161,9867 Clyde Gallagher Terrace,Marseille,FR
Odille,Demer,650,2555 Amoth Point,Vesoul,FR
Fina,Ormonde,475,912 Tony Center,Rungis,FR
Gustav,Blumsom,566,4 Esker Avenue,Annecy,FR
Lillian,McVicar,32,152 Nobel Junction,Dammarie-les-Lys,FR
Yorgo,Coddington,529,910 Golf View Plaza,Marne-la-Vallée,FR
Bonita,Welland,725,43 Spaight Way,Béziers,FR
Jackson,Archell,826,6 Westport Point,Laval,FR
Edie,Grason,7,2 Wayridge Junction,Lescar,FR
Tristan,Farrow,977,106 Namekagon Hill,Marne-la-Vallée,FR
Florry,Lawry,30741,3 Westport Court,Aix-en-Provence,FR
Almire,Eick,2746,9964 Oak Crossing,Toulon,FR
James,McKenna,3,0 Orin Lane,Loudun,FR
Iver,Bales,1640,49 Tony Plaza,Amiens,FR
Faber,Cowling,40496,7 Eagle Crest Way,Digne-les-Bains,FR
Jobina,Ousley,661,456 Delladonna Circle,Saint-Rémy-de-Provence,FR
Jessalin,Quadrio,39936,0793 Amoth Pass,Lille,FR
Georgetta,Ferronier,03142,1591 Briar Crest Plaza,Montrouge,FR
Alix,Beasleigh,5,61613 Crownhardt Pass,Nantes,FR
Belicia,Johnikin,063,3934 Nelson Avenue,Lille,FR
Miof mela,Klauber,4,1241 Fulton Road,Montluçon,FR
Pepi,Graeme,88229,40 West Junction,Paris 07,FR
Tabby,Weine,958,6 Westend Road,Limoges,FR
Halley,Yoskowitz,37217,5 Schurz Plaza,Lyon,FR
Cully,Stelfax,524,9 Lerdahl Pass,Digne-les-Bains,FR
Clovis,Went,8225,39 Donald Crossing,Sélestat,FR
Valeda,Davion,7,238 Farragut Trail,La Charité-sur-Loire,FR
Moreen,Pendrid,07,9814 Dwight Lane,Neuilly-sur-Seine,FR
Gerome,Frankiewicz,3,29 Crescent Oaks Parkway,Tours,FR
Jade,Lipscomb,74706,385 Blue Bill Park Road,Wasquehal,FR
Vivianne,Lambertz,541,644 Autumn Leaf Plaza,Marseille,FR
Tann,Dilleway,27200,29 1st Terrace,Longjumeau,FR
Merle,Ugoletti,6744,75 Prairie Rose Way,Nice,FR
Harland,Koubu,721,36615 Mockingbird Lane,Metz,FR
Olivero,Fleote,3,27610 Kingsford Junction,Remiremont,FR
Granville,Podbury,34,55140 Redwing Place,Palaiseau,FR
Cele,Audiss,1,9 Fulton Hill,Cernay,FR
Clio,Kerslake,20842,00 Dapin Plaza,Paris La Défense,FR
Beaufort,Fergusson,5836,517 Glendale Lane,Rouen,FR
Mignon,Gownge,345,2 Haas Circle,Paris 19,FR
Virgina,Thicking,03619,9 Fremont Drive,Tourcoing,FR
Bettina,Ascough,47,41786 John Wall Street,Chantilly,FR
Pandora,Lewsy,47,27371 Farwell Junction,Annecy,FR
Arlana,Hexum,85,8262 South Crossing,Nantes,FR
Elsbeth,Barrim,522,84799 Shelley Parkway,Dieppe,FR
Ashley,Boerderman,8292,2 Moulton Pass,Rambouillet,FR
Virgie,Benardeau,150,495 Lien Way,Cergy-Pontoise,FR
Arley,Hawkin,35079,5672 Green Park,Orléans,FR
Kalvin,Robken,595,4546 Talmadge Point,Roubaix,FR
Devina,Neesham,301,16667 Eggendart Lane,Cergy-Pontoise,FR
Gaye,Jallin,875,42781 Dahle Street,Colombes,FR
Nelie,Kiebes,66185,8034 Kim Lane,Rueil-Malmaison,FR
Welby,Calverley,51,128 Thierer Center,Amiens,FR
Bruce,Cambling,1,4749 Bayside Street,Paris 08,FR
Hesther,Gemeau,00142,32790 Daystar Drive,Paris La Défense,FR
Pascal,Elie,20,4078 Cambridge Place,Béziers,FR
Lombard,Bethell,3,2597 Hanson Plaza,Reims,FR
Sauncho,Stratz,5,1 Washington Circle,Colmar,FR
Clemente,McNirlin,190,091 Fisk Center,Longvic,FR
Wallis,Eilhart,982,13 Southridge Center,Creil,FR
Michelle,Banane,93,674 Schmedeman Junction,La Garenne-Colombes,FR
Bevvy,Bateson,5,0 Park Meadow Terrace,Montbrison,FR
Joete,Sandle,1538,7 Kropf Trail,Bernay,FR
Nesta,Ceresa,40,57 Beilfuss Crossing,Le Perreux-sur-Marne,FR
Valle,Pippard,1388,85406 Brown Terrace,Chennevières-sur-Marne,FR
Darcee,Quigg,509,57546 Waxwing Street,Sainte-Luce-sur-Loire,FR
Jonie,Behneke,55607,9 Summer Ridge Crossing,Mazamet,FR
Jamie,Basnall,53,10950 Dorton Drive,Cran-Gevrier,FR
Chad,Trenouth,00,93646 Loftsgordon Hill,Rouen,FR
Boy,Duly,17,46 Larry Avenue,Paris 17,FR
Tandi,Southan,49017,2794 Bluejay Park,Paris 16,FR
Elisha,Royse,834,8 Schlimgen Parkway,Saint-Maurice-l'Exil,FR
Pavlov,Le feaver,102,16 Park Meadow Plaza,La Courneuve,FR
Colan,Beckensall,543,65 Talmadge Plaza,Saint-Nazaire,FR
Tracee,Rowesby,129,71619 Schlimgen Center,Paris 04,FR
Hyman,Drury,9601,907 Bayside Street,Le Blanc-Mesnil,FR
Elbertine,Blamphin,199,6379 Burning Wood Trail,Marseille,FR
Charley,Dun,7895,353 Tony Hill,Bordeaux,FR
Savina,Greenhowe,4020,2 Hoffman Plaza,Toulouse,FR
Temp,Abeles,06534,120 Anderson Way,Lucé,FR
Jackie,Pendrill,92,9106 Walton Hill,Guingamp,FR
Adorne,Coiley,8,1220 Dorton Place,Roissy Charles-de-Gaulle,FR
Elmore,O'Sirin,52,371 Sunnyside Place,Paris La Défense,FR
Ludovico,Keesman,879,4868 Sutherland Lane,Nantes,FR
Millard,Vineall,171,87 Hansons Center,Blois,FR
Nikolaos,Samart,019,40559 Gale Parkway,Paris 07,FR
Juline,Anetts,88900,7609 Grover Junction,Nantes,FR
Sibilla,Cuttin,7357,6232 Macpherson Avenue,Meudon,FR
Daffi,Commuzzo,76,1 Goodland Junction,Nantes,FR
Una,Mix,7,50 Valley Edge Avenue,Reims,FR
Margery,OIlier,08,954 Jay Road,Melun,FR
Inge,Challicombe,88183,8 Autumn Leaf Park,Amiens,FR
Raphael,Eadmead,672,8960 Homewood Crossing,Saint-Étienne,FR
Enoch,Kidd,20,31 Oak Park,Angoulême,FR
La verne,Kempston,0,7945 Banding Pass,Brest,FR
Silvana,Auden,8,91 Fisk Park,Bordeaux,FR
Gretel,Hazeldean,3023,66 Doe Crossing Point,Pau,FR
Sylvester,Gresley,8790,629 Waywood Court,Reims,FR
Rodi,Alexsandrev,6206,82704 Old Gate Lane,Nevers,FR
Perren,Mudge,00247,23966 Tennyson Pass,Rungis,FR
Martino,Bordis,157,49607 Jana Center,Marseille,FR
Rora,Freegard,191,60440 Mallory Place,Bagneux,FR
Dominga,Dalgarnowch,4889,704 Kensington Lane,Aix-en-Provence,FR
Shellie,Rengger,5930,376 Ramsey Way,Armentières,FR
Godart,Dooman,0,179 Boyd Trail,Auray,FR
Merle,Swadlinge,7370,17353 Namekagon Parkway,Lille,FR
Allen,Champley,4,35944 Manley Street,Lyon,FR
Marys,Skippon,4958,422 Shasta Terrace,Neuilly-sur-Seine,FR
Ninette,Watkiss,2,406 Nancy Court,Pont-Audemer,FR
Glendon,Ackenhead,238,98641 International Street,Marly,FR
Glenna,Dooher,06,7805 Memorial Center,Paris 02,FR
Basilius,Habbal,4516,67 Katie Alley,Le Mans,FR
King,Parham,1,5 Pearson Crossing,Saint-Priest,FR
Tadeo,Toor,39792,98 Browning Road,Poitiers,FR
Mathe,Lennie,880,732 Merry Center,Rungis,FR
Daisie,Licence,65505,07132 Green Junction,Béthune,FR
Jenna,Longhirst,3111,108 Schlimgen Way,Dunkerque,FR
Bunni,Addie,77,9083 Eliot Park,Belfort,FR
Justin,Doumerque,5,75134 Loomis Hill,Lescar,FR
Christiana,Eary,5,50 Hovde Junction,Tours,FR
Nelle,Tunaclift,13517,8 Michigan Drive,Port-de-Bouc,FR
Cari,Folomin,262,8352 Grasskamp Drive,Béziers,FR
Betty,Coit,3302,40833 Northfield Avenue,Troyes,FR
Suki,Langmaid,04,428 Gerald Street,Montauban,FR
Valene,Thaine,9548,26990 Amoth Avenue,Beaune,FR
Desiree,Hunnaball,9770,6 Oneill Hill,Wissembourg,FR
Libbi,Doberer,0666,124 Artisan Terrace,Rambouillet,FR
Teodorico,Cruikshanks,24,71885 Logan Crossing,Maisons-Alfort,FR
Emilio,Denziloe,09306,71423 Ronald Regan Way,Marseille,FR
Sullivan,Weond,5300,194 Hollow Ridge Place,Quimper,FR
Claude,Ilyinski,657,9 School Alley,Avignon,FR
Mildrid,Schwaiger,94253,89944 Helena Hill,Narbonne,FR
Janos,Kairns,774,06 Independence Terrace,Domont,FR
Frankie,Heindrich,605,68 Dahle Terrace,Thiers,FR
Felisha,Goodhew,42632,538 Carpenter Trail,Baume-les-Dames,FR
Raynell,Cordon,6,37939 Eagan Court,Levallois-Perret,FR
Ginnifer,Mougel,65291,68 Messerschmidt Point,Puteaux,FR
Susan,Iredell,31,931 Manufacturers Hill,Paris 17,FR
Jerry,Cato,09,8 Russell Drive,Lattes,FR
Levon,Bluck,1754,32541 Arizona Plaza,Cesson-Sévigné,FR
Monty,Mattioli,4,0876 Susan Street,Saint-Leu-la-Forêt,FR
Eustace,Gascone,310,913 Jenifer Road,Cran-Gevrier,FR
Gloriane,De la Yglesias,00,16862 Cherokee Hill,Marseille,FR
Moina,Bowness,1,64 Melvin Center,Paris 02,FR
Nickola,Simmig,98277,32 Mayer Point,Seynod,FR
Darcy,Privost,6,624 Westport Drive,Niort,FR
Anstice,Heape,8386,8 Cody Center,Trélazé,FR
Rutledge,Conws,6,73 Armistice Park,Lyon,FR
Onida,Key,050,682 Clove Crossing,Roubaix,FR
Rois,Orehead,3,423 Roxbury Center,Ajaccio,FR
Ferdinand,Studdal,669,30 Sundown Parkway,Lyon,FR
Vincent,Southwell,59041,3 Ruskin Circle,Tourcoing,FR
Rana,Ciobutaru,3478,14982 Michigan Point,Montauban,FR
Anita,Wiltshear,816,7 Fallview Road,Strasbourg,FR
Nettie,Mityakov,135,1361 Merry Road,Blois,FR
Micheal,Jeanin,386,949 Fieldstone Point,Saint-Quentin-en-Yvelines,FR
Shirley,Mitchenson,5,6 International Road,Amiens,FR
Upton,Coltherd,08,863 Westend Parkway,Gif-sur-Yvette,FR
Issiah,Sydenham,311,493 Ruskin Alley,Pau,FR
Elka,Figger,16405,805 Prentice Road,Altkirch,FR
Ruy,Cicco,137,758 Luster Pass,Toulouse,FR
Max,McGrowther,8351,32 Dahle Drive,Rungis,FR
Robbie,Crosfield,28150,4166 Bobwhite Street,Saint-Pierre-des-Corps,FR
Margot,Livezley,306,6040 Northview Avenue,Saint-Fargeau-Ponthierry,FR
Pernell,Rammell,7338,96611 Dahle Avenue,Paris 17,FR
Fidole,Pretti,51,426 Mariners Cove Lane,Saint-Maur-des-Fossés,FR
Josee,Rutigliano,70864,92 Swallow Street,Limoges,FR
Frankie,Kobieriecki,7260,86447 Weeping Birch Junction,Avignon,FR
Arielle,Collabine,9,07 Bluestem Hill,Le Mans,FR
Ricca,Dryden,641,638 Eggendart Street,Melun,FR
Glenda,Brett,5,37799 Cascade Lane,Aurillac,FR
Didi,Easeman,4,1 Luster Lane,Marseille,FR
Devonne,Rolston,93,43649 Blaine Alley,Clamart,FR
Virginia,Feavyour,2,27955 Fairview Way,Perpignan,FR
Anselma,Mein,5668,08 Fairview Junction,Douarnenez,FR
Hy,Turbard,37,04 American Crossing,Melun,FR
Perry,Mallinar,080,1 Dahle Drive,Nantes,FR
Dennison,O'Lunney,96,071 Buena Vista Road,Étampes,FR
Cori,Dyet,118,89 Grim Circle,Longvic,FR
Kore,Maxwell,8,13547 Cascade Center,Thaon-les-Vosges,FR
Priscilla,Pfleger,89438,95209 Blaine Point,Aix-les-Bains,FR
Wye,Tapply,56,2498 Banding Plaza,Mazamet,FR
Guilbert,Summergill,337,5935 Schiller Crossing,Nice,FR
Hagan,Scarsbrick,2,50580 Vermont Hill,Tarbes,FR
Emery,Riddett,98687,37979 Buhler Parkway,Paris 16,FR
Kaleena,Deane,74424,1752 Menomonie Court,Limoges,FR
Deedee,Conniam,63450,41933 Sutteridge Circle,Tassin-la-Demi-Lune,FR
Maurizio,Leinthall,4,5 Sherman Park,Le Mans,FR
Mordecai,Curthoys,030,03 Luster Center,Colombes,FR
Bil,Torrance,20,6 Hudson Avenue,Paris 05,FR
Avram,McGraw,78770,6424 Ramsey Trail,Rennes,FR
Finley,Holsey,98,7 West Way,Angoulême,FR
Chelsie,Kerford,907,5 Hooker Point,Grenoble,FR
Clareta,Juggings,151,8364 Memorial Point,Lunel,FR
Pansie,Checcuzzi,26925,36 Bultman Pass,Reims,FR
Leonora,Beneix,3627,32902 Merrick Avenue,Albi,FR
Idette,Stalf,18071,6465 Pennsylvania Lane,Quimper,FR
Alicia,Bodiam,93,0 Little Fleur Alley,Portet-sur-Garonne,FR
Bekki,Vittle,28,57756 Kingsford Place,Tarbes,FR
Micky,Jakab,729,81 Talisman Hill,Perpignan,FR
Keen,Marquis,605,4448 Reinke Plaza,Paris 03,FR
Germaine,Hinstock,6733,3734 Northfield Alley,Rueil-Malmaison,FR
Wileen,Hewins,621,6335 Grover Place,Saint-Marcellin,FR
Carlye,Beert,327,7 Summer Ridge Street,Châtellerault,FR
Wynn,Bresnen,409,93600 Erie Terrace,Rungis,FR
Dalis,Slowgrove,9,2 Village Green Plaza,Aulnay-sous-Bois,FR
Marylinda,Glasscott,10028,83 5th Street,Bobigny,FR
Kiri,Obert,5712,1 Carberry Place,Massy,FR
Kissiah,Braganza,675,302 Blackbird Crossing,Saint-Denis,FR
Lou,Goodfellow,29,62277 Reindahl Junction,Rungis,FR
Huntington,Norcutt,657,7914 North Road,Lyon,FR
Michal,Raddon,9,8304 Oxford Alley,Reims,FR
Angel,Leebetter,20432,0 Carey Pass,Ajaccio,FR
Angel,Recke,04046,8 Daystar Avenue,Roubaix,FR
Sibyl,Gillingham,51,15947 Hauk Lane,Reims,FR
Rik,Blacket,8356,34213 Lindbergh Lane,Paris 13,FR
Berri,Eaden,62,1 Towne Pass,Rouen,FR
Daryl,Kelberman,00762,05 Declaration Trail,Metz,FR
Wilton,Sturdgess,5094,77972 Haas Road,Roissy Charles-de-Gaulle,FR
Nikolai,Goublier,01,12 Arapahoe Plaza,Paris 09,FR
Kissee,Bullman,2394,76 Schiller Pass,Puget-sur-Argens,FR
Dianna,Krystof,21,39113 Mallard Alley,Cholet,FR
Cecilio,Pleavin,98722,20 Eggendart Hill,Cergy-Pontoise,FR
Eb,Vannucci,61223,53769 Ohio Point,Rouen,FR
Phyllys,Crepel,177,5537 Arapahoe Crossing,Orléans,FR
Hubert,McCusker,1742,1 Pankratz Drive,Aubagne,FR
Harwell,Pinder,3414,579 Brickson Park Alley,Troyes,FR
Costa,Craske,6,90133 Morrow Pass,Amiens,FR
Rosanna,Rowantree,223,791 Brown Avenue,Digne-les-Bains,FR
Hanson,Oag,6302,5665 Rieder Plaza,Marly,FR
Fonzie,Hitcham,3,13974 6th Pass,Versailles,FR
Tabbatha,Conre,90,629 Forest Run Terrace,Lacroix-Saint-Ouen,FR
Veronike,Merrifield,28,48653 Warbler Drive,Puget-sur-Argens,FR
Justinian,Readman,955,428 Clemons Center,Saint-Germain-en-Laye,FR
Audrye,Mullineux,222,57 Arizona Crossing,Antony,FR
Guilbert,McClarence,433,879 Tony Avenue,Labège,FR
Jamill,Christauffour,5,933 Dahle Center,Alençon,FR
Krissy,Casin,4073,93977 Prairieview Lane,Le Mans,FR
Demeter,Gaylor,5,52064 Calypso Point,Champagnole,FR
Meggi,Ruperto,92,640 Mayer Drive,Rodez,FR
Ivan,McRonald,20678,2752 Eastlawn Point,Bondoufle,FR
Drusi,Lunnon,6,00 Kings Alley,Vierzon,FR
Erek,Yarrington,5,48017 Meadow Valley Terrace,Aix-en-Provence,FR
Zacharie,Audiss,313,38940 Welch Hill,Rungis,FR
Tersina,Siely,0197,372 1st Drive,Dieppe,FR
Sena,Birkin,76078,014 Independence Center,Béthune,FR
Templeton,Spears,1603,8 Sutteridge Circle,Béthune,FR
Matti,Hardisty,3764,486 Kennedy Place,Arras,FR
Chan,Lording,092,49 Melrose Center,Agen,FR
Gill,Dunks,76,390 Jana Avenue,Nuits-Saint-Georges,FR
Thurstan,Caudrey,76764,91 Harper Circle,Nemours,FR
Randie,Holyland,4852,475 Bobwhite Place,Mougins,FR
Giraldo,Shaw,8950,0614 Daystar Crossing,Troyes,FR
Zitella,Konrad,7,66158 Nelson Parkway,Évreux,FR
Shanta,Crowdy,536,1 Chive Drive,Mazamet,FR
Nerte,Gamon,60,04 Talisman Street,Longjumeau,FR
Alonzo,Harvett,1196,118 Esch Junction,Palaiseau,FR
Isahella,Keedy,16,32063 Hanson Lane,Caen,FR
Rosabelle,Goodin,7563,83577 Westend Lane,Saumur,FR
Leontyne,Semper,1,44803 Gulseth Alley,Nantes,FR
Franciskus,Willshere,8,8 Northwestern Plaza,Cergy-Pontoise,FR
Cathee,Secret,69844,90 Muir Crossing,Nantes,FR
Cindy,McQuaker,77659,55904 Dryden Plaza,Bastia,FR
Darrin,Meneo,55177,79 Arizona Circle,Paris 05,FR
Cele,Behrendsen,1535,43246 Morrow Court,La Courneuve,FR
Chico,Szymanek,4,4 Pierstorff Center,Rungis,FR
Niven,Ockwell,0,4 Elmside Lane,Toulouse,FR
Forster,Janton,515,95 Homewood Park,Nantes,FR
Arnie,Wantling,480,99 Melody Trail,Strasbourg,FR
Merlina,Foro,336,3227 Sachtjen Center,Roissy Charles-de-Gaulle,FR
Shayla,Radmore,8193,11601 Ryan Center,Sainte-Geneviève-des-Bois,FR
Oralie,Deery,2,476 Marcy Street,Vitry-sur-Seine,FR
Tonia,Leckie,2,0 Atwood Alley,Tassin-la-Demi-Lune,FR
Kermy,Geeves,6472,356 Eggendart Circle,Saumur,FR
Arielle,Saiger,46202,86 Evergreen Center,Maromme,FR
Sutton,Westoll,2,5 Pond Parkway,Avon,FR
Lynette,Dibson,0,2795 Ridgeview Park,Le Mans,FR
Gwyn,Besnard,9182,586 3rd Plaza,Angers,FR
Thaddus,Boame,9,33 Loftsgordon Hill,Aix-en-Provence,FR
Ezekiel,Heninghem,65743,48 Bowman Street,Saint-Quentin-en-Yvelines,FR
John,Hof,7501,7052 Sycamore Trail,Laon,FR
Danita,Presdee,508,5835 Eagan Center,Rochefort,FR
Heloise,Patey,891,5 Pennsylvania Parkway,Champigny-sur-Marne,FR
Alric,Clail,45352,830 Walton Terrace,Marseille,FR
Taite,Polly,0,9 Chive Trail,Noisy-le-Grand,FR
Zechariah,Moberley,58,439 School Place,Noisy-le-Grand,FR
Chadd,Hallmark,8,00655 Larry Center,Lescar,FR
Jo-anne,Hackney,97806,386 Westerfield Trail,Vitrolles,FR
Louella,Tynnan,81313,912 Corry Drive,Auray,FR
Sasha,Skippen,5609,93 Boyd Hill,Levallois-Perret,FR
Bibi,Kitchenham,07956,467 Ilene Circle,Montrouge,FR
Nedda,Blease,1869,66 Park Meadow Point,Avignon,FR
Stephannie,Marlow,312,7718 Duke Street,Labège,FR
Wyatan,Pruvost,48490,20825 Fairfield Plaza,Alençon,FR
Ward,Demschke,2786,950 Kenwood Plaza,Sarrebourg,FR
Nicoline,Joddens,15675,515 Hoffman Circle,Orléans,FR
Bentley,Priestman,8,245 Dorton Circle,Paris 08,FR
Berny,Turford,3651,5 Oxford Trail,Bordeaux,FR
Kerianne,Fernley,1682,5466 Hagan Park,Voiron,FR
Emilie,Crich,68,39464 Anderson Trail,Gardanne,FR
Roslyn,Maliphant,9,2 Sachs Park,Paris 19,FR
Jodi,Proudlove,32,42505 Porter Trail,Wissous,FR
Chanda,Snoddin,398,1166 5th Way,La Courneuve,FR
Pen,Abrahamsohn,4071,20 Victoria Road,Roscoff,FR
Ferdie,Inwood,28,9910 Mcbride Point,Neuilly-sur-Seine,FR
Haslett,Slayford,2,52 Meadow Vale Plaza,Tourcoing,FR
Kerrin,Thursby,6172,7617 Little Fleur Junction,Marne-la-Vallée,FR
Lorain,Rooson,173,7308 Holy Cross Street,Paris 10,FR
Sutherland,McCurdy,76,524 Hoepker Terrace,Paris 07,FR
Serge,Kemish,908,61 Springview Terrace,Angoulême,FR
Jeddy,Brabham,90174,44 Anthes Crossing,Le Cannet,FR
Leena,Melloy,35174,80 Old Shore Circle,Troyes,FR
Garret,Acors,50,47 Northport Alley,Toulon,FR
Korry,Perigoe,0,317 Mariners Cove Road,Montpellier,FR
Jordan,Callis,14343,76 Florence Circle,Périgny,FR
Glennis,Ferrieres,3971,8027 Coolidge Court,Créteil,FR
Sherie,Chrisp,35,3 Ridgeway Way,Laon,FR
Donnamarie,Linde,625,71245 Porter Pass,Angoulême,FR
Nichol,Ivanyushin,68258,878 Ramsey Circle,Tours,FR
Wilek,Boraston,9239,64635 Packers Court,Saint-Quentin-en-Yvelines,FR
Cathie,Baff,2458,561 Mosinee Terrace,Maromme,FR
Mychal,Izak,1,8 Macpherson Hill,Pontarlier,FR
Sigrid,Syddon,9,80854 Glacier Hill Street,Angoulême,FR
Stu,Cattanach,75,147 2nd Center,Le Mans,FR
Wilmar,Abramowitz,0165,567 Chive Hill,Saint-Gaudens,FR
Philbert,Carillo,0,5 Debra Way,Montreuil,FR
Regina,Vasyukhichev,504,0606 Barby Trail,Marseille,FR
Brigitta,Ody,85,132 Ilene Junction,Sotteville-lès-Rouen,FR
Shepherd,Muir,719,702 Mesta Center,Nanterre,FR
Kimble,Yon,9753,1 Carioca Trail,Paris 13,FR
Rosemarie,Abrahmson,25,8536 Mandrake Way,Cernay,FR
Rutledge,Debney,80610,45 Pearson Way,Tourcoing,FR
Betta,Foran,44495,819 Hanson Court,Aix-les-Bains,FR
Lanita,Roden,9503,2504 Fordem Drive,Nîmes,FR
Marysa,Renvoys,317,431 Southridge Place,Paris 02,FR
Leena,Pittwood,4116,063 Moulton Point,Saint-Quentin,FR
Theo,Booker,43589,244 Stoughton Way,Niort,FR
Jackelyn,Bramham,61403,32 Graceland Crossing,Ploemeur,FR
Westbrook,Soldan,9436,9 Sachs Road,Rennes,FR
Gisella,Glasscoe,479,8170 Iowa Center,Gentilly,FR
Valle,Gowthrop,65632,6223 Carpenter Terrace,Valence,FR
Joye,Penhalurick,31608,03142 Tennessee Point,Val-de-Reuil,FR
Leif,Loeber,5877,2324 Logan Way,Fréjus,FR
Libby,Christol,7941,20 Lillian Circle,Cluses,FR
Palmer,Reace,87,9433 5th Trail,Limoges,FR
Alica,Hallt,009,2136 Stone Corner Hill,Niort,FR
Aubert,Chastenet,9,84543 Anthes Road,Dijon,FR
Victoir,Smoth,074,7 Pepper Wood Terrace,Floirac,FR
Sibilla,Adnams,995,82506 Westport Lane,Bourges,FR
Nichole,Gault,2,19906 Novick Park,Caen,FR
Ariana,Burchett,60,85398 Butterfield Point,Angers,FR
Hailey,Caplis,12,13 2nd Street,Châteauroux,FR
Shaine,Franchioni,144,80466 Warrior Way,Évry,FR
Angie,Bleacher,43529,4 Kennedy Street,Paris 05,FR
Kandy,Sandels,3667,82711 Springview Alley,Paris La Défense,FR
Anton,McConaghy,3610,043 Dorton Place,Croissy-sur-Seine,FR
Daveta,Helm,4530,0 4th Plaza,Troyes,FR
Merissa,Joret,259,8 Kennedy Lane,Valence,FR
Thorndike,Drennan,0,0825 Park Meadow Pass,La Plaine-Saint-Denis,FR
Della,Gelderd,5,75424 Banding Point,Toulouse,FR
Kiri,Cockton,05,6040 Dixon Terrace,Nantes,FR
Bliss,Sumption,99442,70940 Utah Junction,Seynod,FR
Cammi,Jobin,410,761 Gerald Center,Cestas,FR
Gwenora,Richmont,33,46 Armistice Avenue,Angers,FR
Natividad,Godar,595,529 Red Cloud Park,Puteaux,FR
Linnea,Espino,68883,175 Nelson Drive,Quimper,FR
Dena,Gyver,6,85 Bartillon Place,Troyes,FR
Towny,Mardall,92892,52 Chinook Junction,Landivisiau,FR
Phyllys,Gathercoal,555,1897 Maywood Center,Arnage,FR
Catarina,Mariaud,6,13 Anderson Way,Bernay,FR
Lilas,Venditti,7,5227 Lakewood Circle,Gif-sur-Yvette,FR
Miran,Downage,9040,5 Graedel Road,Fontenay-sous-Bois,FR
Thekla,Becarra,575,688 Fair Oaks Avenue,Pontarlier,FR
Melony,Skoughman,71,7352 Oakridge Park,Lyon,FR
Klemens,Braunton,17690,522 Texas Point,Agen,FR
Amalie,Scyner,61,4830 Fairview Place,Villejuif,FR
Nanete,Benkhe,685,42 Transport Trail,Coulommiers,FR
Abigael,Cutsforth,7,744 Dottie Junction,Orléans,FR
Meyer,Upsale,70,3 Muir Junction,Bordeaux,FR
Rosabella,Quinby,16060,85 Granby Hill,Melun,FR
Hoebart,Crichley,77319,770 American Trail,Saint-Étienne,FR
Isaac,Swaffield,1,0 Welch Junction,Lille,FR
Margret,Kennion,4109,64 Havey Street,Strasbourg,FR
Moritz,Brister,3,2 Norway Maple Center,Avignon,FR
Jeannette,Keetch,7261,985 Heffernan Circle,Trélissac,FR
Channa,Diviney,2951,6715 Del Mar Point,Lagnieu,FR
Ulrika,Absolom,4210,444 2nd Terrace,Albi,FR
Gabriel,Gorthy,6,09 Doe Crossing Parkway,Nanterre,FR
Modesta,Gilhooley,70,722 Colorado Crossing,Alençon,FR
Chaunce,Ward,433,5010 John Wall Street,Wintzenheim,FR
Ara,Espino,227,6690 Toban Drive,Blois,FR
Brittne,Arnoll,52,5 8th Park,Nantes,FR
Nicky,Hardway,822,42362 Bultman Point,Charleville-Mézières,FR
Wenona,De Ferrari,3317,83102 Northview Circle,Nantes,FR
Alden,Ramsby,221,1150 Di Loreto Trail,Angers,FR
Mariam,Crosbie,903,857 Glacier Hill Center,Fresnes,FR
Derek,Klessmann,853,4296 Hermina Road,Grenoble,FR
Aidan,Robbert,426,33 Anhalt Avenue,Langres,FR
Karalee,Veillard,69047,3666 Hudson Trail,Castelsarrasin,FR
Vlad,Lehrahan,76514,88 Mitchell Place,Poitiers,FR
Tera,Aysh,79132,82173 Saint Paul Way,Nantes,FR
Korry,Dingley,337,7290 Vahlen Pass,Angers,FR
Phip,Masson,325,0369 Maple Street,Nîmes,FR
Georgiana,Udey,8,270 Kensington Lane,Nice,FR
Raimundo,Appleby,67,50655 Toban Street,Sallanches,FR
Rebecka,Collumbine,79,88 Knutson Park,Rueil-Malmaison,FR
Brant,Imlin,873,03 Del Mar Pass,Aubenas,FR
Phillie,Loache,8463,9600 Hagan Junction,Arcueil,FR
Les,Blount,91966,22310 Longview Terrace,Saint-Flour,FR
Haywood,Chapelhow,56,92 Katie Street,Évry,FR
Ryon,Iacovelli,335,95032 Corben Alley,Besançon,FR
Edgar,Thornborrow,5721,2 Emmet Alley,Blois,FR
Oates,Manntschke,6,169 Blaine Trail,Périgueux,FR
Lenora,Lambal,5842,65 Union Circle,Saint-Étienne,FR
Savina,Chennells,2334,96127 Comanche Park,Clermont-Ferrand,FR
Nikkie,Greene,78,60028 Corscot Plaza,Montpellier,FR
Lamont,Mocquer,7,68708 Ilene Circle,Bastia,FR
Lilly,Cicchelli,21,929 Dovetail Plaza,Boissy-Saint-Léger,FR
Alaric,McPheat,52,7 Lighthouse Bay Park,Dijon,FR
Kaitlin,Agronski,955,0 Dottie Circle,Calais,FR
Marshall,Corkell,70647,99363 Roxbury Street,Auch,FR
Che,Murfill,311,8012 Moulton Place,Balma,FR
Michell,Scrivens,2,02798 1st Terrace,Rouen,FR
Ari,Gaven,7,5 Nancy Street,Le Cannet,FR
Kain,Peirazzi,17196,65 Blaine Alley,Tours,FR
Murdock,Marshal,893,05 Caliangt Place,Paris 07,FR
Louisa,Wisam,81246,602 High Crossing Junction,Carpiquet,FR
Lancelot,Trustey,61652,240 Oriole Parkway,Paris 11,FR
Myles,Dillway,681,3559 Lighthouse Bay Circle,Cran-Gevrier,FR
Bren,Jobson,41357,0898 Farmco Way,Ivry-sur-Seine,FR
Carlota,Cardiff,7,787 Heath Crossing,Rennes,FR
Leopold,Easlea,10,25469 Spenser Hill,Tours,FR
Dacie,Searle,78333,4 Corben Place,Lyon,FR
Taffy,Sitwell,28,436 Cambridge Terrace,Annecy,FR
Smith,Caughtry,2303,0 Bunting Place,Nantes,FR
Dode,Janak,5210,97923 Corry Trail,Lacroix-Saint-Ouen,FR
Felipe,Tanfield,0,4971 Jana Drive,Arras,FR
Tobias,Houlahan,8819,4560 Ruskin Point,Mulhouse,FR
Fawn,Mountcastle,5778,82 Brown Crossing,Paris 02,FR
Petey,Lodder,5507,246 Stuart Alley,Dieppe,FR
Benedikta,Aggott,456,29987 Sheridan Pass,Saint-Étienne,FR
Izak,Gisburne,2907,5 Oak Valley Junction,Cesson,FR
Geordie,Goldman,119,793 Mendota Center,Fontenay-sous-Bois,FR
Fionna,Kett,3,4 Carberry Lane,Carpentras,FR
Cassey,Delion,5,2427 Melvin Road,Marseille,FR
Fee,Beddoe,4460,5288 7th Park,Sartrouville,FR
Easter,Chinnock,9370,21813 Golf Plaza,Saint-Avertin,FR
Guglielma,Edgett,4,3 Kinsman Plaza,Martigues,FR
Odelle,Dunster,9,91974 Forster Trail,Le Mans,FR
Spense,Medeway,944,72644 Harper Plaza,Paris 12,FR
Portia,Gregersen,33618,377 Morningstar Pass,Villefranche-sur-Mer,FR
Jarrid,Davidovicz,81,6 Porter Alley,Montluçon,FR
Elle,Sleath,5635,04910 Luster Street,Paris La Défense,FR
Isabelle,Echallie,48381,02 Oneill Terrace,Villeneuve-la-Garenne,FR
Arel,Pechacek,803,087 Montana Avenue,Agen,FR
Jacquie,Budge,3,4106 Ramsey Avenue,Albi,FR
Jasun,Fiddyment,6,98589 Garrison Way,Annecy,FR
Jourdain,Draper,6,93302 Gina Alley,Paris 09,FR
Shay,Patrono,8260,116 Buena Vista Place,Meaux,FR
Ardra,Dover,33437,49 Gina Place,Salon-de-Provence,FR
Beale,Mileham,12,3 Schiller Pass,Paris 15,FR
Mufinella,Calam,54429,80 Briar Crest Center,Montpellier,FR
Frazier,Cordy,21,303 Pepper Wood Way,Rouen,FR
Glenden,Dendon,24,8529 Thompson Way,Évreux,FR
Shaun,Shury,32119,96501 Magdeline Lane,Saint-Étienne,FR
Miguela,Hopfner,5,5 Mandrake Hill,Avignon,FR
Vin,Briamo,00549,27277 Superior Avenue,Rive-de-Gier,FR
Sibley,Blastock,93858,4 Gale Plaza,Les Sables-d'Olonne,FR
Ham,Feckey,4746,875 Harbort Park,Cergy-Pontoise,FR
Judon,Congreve,7,1430 Gale Way,La Rochelle,FR
Sidnee,Rennels,8775,65106 Knutson Hill,Andrézieux-Bouthéon,FR
Krissy,Shenfisch,799,7 Maple Wood Parkway,Reims,FR
Brynna,McKelvey,582,9235 Kenwood Hill,Orléans,FR
Daven,Goodship,65622,9173 Randy Pass,Angoulême,FR
Alexandr,Richford,8093,0083 Corry Pass,Décines-Charpieu,FR
Jamie,Crayk,15,6 Corben Street,Lyon,FR
Debbi,O'Regan,52393,6391 Dottie Lane,Saint-Quentin-en-Yvelines,FR
Orv,Cawston,8813,302 Loftsgordon Drive,Créteil,FR
Corina,Akroyd,3373,53785 Mallard Crossing,Bonneuil-sur-Marne,FR
Louie,Mueller,6973,38 Brentwood Trail,Levallois-Perret,FR
Rikki,Fydoe,0,988 Lukken Circle,Saint-Laurent-Blangy,FR
Gloria,Dalgarnowch,08,6 Ludington Center,Nantes,FR
Crin,Brickhill,6,39 Division Lane,Marseille,FR
Abbie,Swanborrow,105,7 Shoshone Lane,Poitiers,FR
Matthieu,Gerdes,45,332 Luster Trail,Évry,FR
Lenore,Reasce,49454,7 4th Parkway,Angoulême,FR
Shaine,Learmouth,817,848 Elmside Street,Mougins,FR
Deonne,Ivanikov,56881,9429 Oriole Lane,Lyon,FR
Trueman,Cejka,9339,1700 Claremont Way,Marseille,FR
Doro,Ravel,197,7 Texas Circle,Limoges,FR
Kirby,Behling,56,61 Novick Court,Sainte-Luce-sur-Loire,FR
Pascal,Brychan,51,48 Talisman Drive,Orléans,FR
Hestia,Vaisey,5,8592 Onsgard Plaza,Rennes,FR
Sonia,Biggadike,22483,253 Hooker Way,Rouen,FR
Wileen,Tebbut,98,45 Stuart Road,Nantes,FR
Jeffry,Halleday,2,15368 Rigney Road,Thiais,FR
Harbert,MacPaden,80,86717 Aberg Circle,Boulogne-Billancourt,FR
Kyrstin,Newham,158,02 Steensland Center,Meudon,FR
Alric,Van de Vlies,4745,60 Eastlawn Street,Saint-Malo,FR
Barney,Carlyle,325,6453 Continental Way,Rochefort,FR
Arnie,Luckett,36712,2 Northland Junction,Saverne,FR
Shelby,Tie,09,94 Colorado Alley,Boulogne-Billancourt,FR
Ad,Yeldham,8056,9150 Sachs Terrace,Vanves,FR
Rowen,Pennigar,18,157 Forest Dale Way,La Garde,FR
Vail,Brunel,3,762 Gale Drive,Amiens,FR
Nora,Peyto,1,1 Dottie Circle,Saint-Jouan-des-Guérets,FR
Inglebert,Archibould,87856,5 Algoma Place,Périgny,FR
Antonius,Ziemecki,18161,2002 Crownhardt Lane,Saint-Ouen,FR
Celinka,O' Timony,47,637 Bunker Hill Hill,La Garde,FR
Bambi,Cosgreave,7375,90643 Almo Hill,Aix-en-Provence,FR
Ardis,Duffell,7953,4 Elka Pass,Épinal,FR
Morgen,Snartt,88656,46 Forest Run Drive,Marignane,FR
Claudette,Mattinson,61377,4 Starling Lane,Roanne,FR
Archibaldo,Thomasset,220,296 Walton Crossing,Bordeaux,FR
Murray,Clixby,694,5410 Pond Crossing,Paris 11,FR
Manuel,Ramsell,39188,04 Karstens Court,Nemours,FR
Carlin,Chess,52,6372 Heffernan Alley,Marseille,FR
Frants,Ousley,2079,8578 East Hill,Saint-Égrève,FR
Eal,Tunn,62666,17 Surrey Circle,Guéret,FR
Pippo,FitzAlan,3,517 Delaware Pass,Courtaboeuf,FR
Christan,Kix,13,37618 Independence Terrace,Nantes,FR
Aaren,Luigi,5906,1663 Dakota Plaza,Pontivy,FR
Corey,Grennan,4950,14 Kenwood Drive,Besançon,FR
Clyde,Nozzolii,13088,52 Cardinal Hill,Vannes,FR
Zelig,Cutcliffe,9911,960 Drewry Way,Thiais,FR
Rycca,Spradbery,99,44571 Hauk Parkway,Quetigny,FR
Albertine,Shellard,790,16 Melby Street,Montbéliard,FR
Ulises,Alp,1,17171 Heffernan Road,Dijon,FR
Raquel,MacConnulty,9,4810 Springs Place,Paris 12,FR
Benjie,Fairholme,84685,88 Meadow Ridge Center,Cholet,FR
Josepha,Haire,301,9 Schmedeman Hill,Angoulême,FR
Imelda,Dik,525,329 Ridgeview Drive,Nanterre,FR
Harbert,Newlan,1,787 Harbort Drive,Cergy-Pontoise,FR
